Rainfall,Soil_Type,Fertilizer_Used,Soil_pH,Crop_Type,Yield
574.5071229516849,Silt,96.18605675044007,6.832791983472097,Cotton,90.46605260415443
479.2603548243223,Clay,73.68444398134899,6.848656519456199,Maize,78.3557067467689
,Loamy,84.18142167279339,6.179270617284297,Maize,96.16242594981831
728.4544784612038,Peaty,84.6301097673309,6.727507030691048,Maize,110.13976904614191
464.8769937914996,Loamy,92.27379339814753,6.405302429626393,Soybean,86.3139843245057
464.8794564576229,Loamy,78.11635911670784,5.756383066126879,Maize,78.74668025848207
736.8819223261087,Clay,75.66360358433356,6.2191964824809185,Wheat,91.84618182704129
615.1152093729363,Clay,128.02929237763695,5.7181551573272875,Maize,96.05372859280875
429.5788421097572,Clay,131.48962533581036,6.990046767535052,Cotton,100.57555176617868
581.3840065378947,Sandy,58.58369964257772,6.67794468877716,Wheat,81.30381421272503
430.48734607813066,Silt,17.212078021813483,,Maize,68.15172237580667
430.1405369644615,Sandy,131.90124548712794,7.210260671644324,Maize,85.13420132667218
536.2943407349051,Silt,63.13598744343587,6.533995453790583,Rice,90.74018112579488
213.0079633013303,Silt,106.3823451537922,5.784388622016563,Soybean,75.01266249515284
241.2623251230451,Loamy,53.02984380915348,6.280260729908094,Wheat,60.884494788510615
415.6568706138541,Loamy,138.93264955779017,7.316427093636646,Rice,90.0230899874771
348.0753319498364,Silt,176.31003685904582,6.165262187455428,Cotton,105.65675175925591
547.1370998892911,Silt,105.48420727616009,6.637610644378915,Soybean,94.92918200914585
363.7963886718183,Sandy,97.1769205462145,6.871938312257319,Wheat,81.2739389587837
288.15444479970625,Sandy,90.33581274429808,6.794974242277472,Maize,78.52828270258787
719.8473153382331,Loamy,123.45397933938735,7.72472989947905,Wheat,106.53263907844975
466.13355492701965,Clay,,5.911848371538365,Maize,85.54596829804679
510.12923070318857,Silt,,5.961768459733598,Soybean,93.85431695426233
286.2877720679815,Sandy,81.16250432205752,5.920122776448934,Maize,73.80267731674269
418.3425913212226,Loamy,110.20353119213935,6.352040789491557,Cotton,80.61216062549818
516.6383884564799,Sandy,83.72595799881412,7.049688694091226,Maize,82.24795996922398
327.3509633866546,Silt,68.26853055789837,5.984132710101744,Cotton,79.67529196782583
556.3547027518508,Silt,,7.05668025297197,Soybean,95.5893088283625
409.9041965121792,Peaty,72.32461808868753,6.517563334963868,Soybean,86.55765114403728
456.2459375310085,Clay,135.21180993227765,5.945501653394539,Wheat,89.13671601732163
409.74400816559046,Peaty,74.14238865952531,5.624315021716072,Cotton,75.60877704817077
777.8417276763406,Loamy,110.9063782206208,5.736214753095337,Cotton,95.31410831822771
497.9754162893099,Sandy,81.89733103720833,6.167073295883038,Rice,94.27327621290391
341.343360656615,Loamy,108.31188251312535,6.41542441212834,Rice,93.789927939928
623.3817368154783,Silt,84.2801027963393,7.1730314883652255,Rice,100.0795547908937
316.8734525043467,Peaty,62.28366175427388,6.89954410609412,Maize,81.32314071298771
531.3295392507133,Peaty,114.51318222855535,6.080529373959849,Rice,99.48230324549553
206.04948141803365,Peaty,92.93753134260335,6.704332641686084,Cotton,82.6527263137254
300.77209266523545,Loamy,108.57954822167378,7.32577313459612,Maize,78.62327555882653
529.5291853803685,Silt,,7.436958710515018,Soybean,77.38355627763296
610.7699869993115,Sandy,60.16190458694644,6.342796994223201,Wheat,91.08848862467146
525.7052421784956,Sandy,132.4953579116877,6.979144214852501,Rice,91.36916698695634
482.6527576417639,Loamy,122.10273266323264,7.194977683443912,Soybean,92.929306244982
454.8344456616067,Peaty,82.99117073340268,5.7464640384108066,Cotton,87.34889563243618
278.22170144488587,Clay,102.09337640496393,6.243796456420151,Wheat,79.67003661551382
392.0233687407937,Loamy,131.26058449488812,7.610009367211632,Soybean,98.69445385287052
430.90418435603186,Loamy,86.28884992412809,6.349481944939548,Wheat,73.22074395659006
658.5683339328374,Silt,90.94346484428344,5.035524317649451,Rice,93.38042789106625
551.5427434352692,Sandy,107.30897500022121,6.439519094806639,Cotton,95.82380497210418
235.54397669558992,Loamy,,7.062312749557931,Wheat,64.49057462475025
548.6125954092192,Loamy,125.71275990961067,6.503255218400448,Soybean,93.78824170675944
442.2376579375525,Peaty,94.93297659077686,6.857681973400317,Rice,85.08442529389842
398.46169995410617,Peaty,76.47892375018078,6.9691109988278654,Rice,77.37507828335582
591.7514433261301,Clay,118.25916489621983,6.322531274283859,Soybean,98.81208826615043
,Silt,65.73608051705959,6.240303506792812,Soybean,88.56640555533482
639.6920178674297,Clay,160.4463568337264,6.576720487977136,Wheat,110.27981174070948
374.11737151660424,Peaty,147.47489090740606,6.58888946146494,Maize,98.00355178100205
453.6181436223178,Sandy,115.40486430763046,6.5270384099234855,Rice,98.53558279161899
549.6895147105346,Peaty,112.87993065459706,6.547578261341232,Wheat,92.7719393338162
646.3317690683539,Silt,111.47324253457896,6.125726932689631,Soybean,101.162249771104
428.12386432320653,Peaty,85.3271564224328,6.875143455040474,Wheat,86.77155180632819
472.1511535004274,Silt,108.91928937042528,6.799615973556483,Soybean,93.12115858771145
334.0497538990958,Silt,72.30602168626454,5.831995816682271,Cotton,84.11855958783615
320.5690063878994,Silt,115.11455255320543,6.3054188414570165,Soybean,89.98934997115458
621.8788733591297,Silt,126.03540829093886,6.546539936269723,Soybean,111.66036100803794
703.4360042856234,Silt,88.65741697049997,6.232843498861913,Soybean,86.1057854630404
489.19848176294994,Sandy,82.14694617535842,6.818685988793897,Maize,86.77926398495086
650.5299346838036,Clay,63.62568926056271,6.466558730771431,Soybean,90.46476573539879
554.2454037571451,Loamy,143.73865700697073,6.584536264727594,Rice,105.41242161404236
403.2320368092314,Clay,84.53007898473366,6.299645346258464,Rice,82.04104726817992
554.2093408262621,Silt,94.0378289195013,5.5033905882946925,Wheat,88.51598276860773
,Sandy,109.00466754987178,5.474825839218775,Maize,91.16855479247593
494.62609413350725,Peaty,108.46622928669804,6.794804773346014,Wheat,91.96771101164136
734.6965483721009,Sandy,122.39680287043208,6.633456038244697,Rice,106.68835170056528
107.03823438653835,Silt,88.62010240485014,6.719331103175542,Rice,69.47734623381706
623.2853756562836,Sandy,65.83996184587261,6.567236421031456,Cotton,93.18858789466012
513.0570602357257,Sandy,60.590040730830516,6.607283701686757,Soybean,84.62833128885026
455.1488974301198,Silt,82.6223430147146,,Rice,92.1289595974342
513.7641164803254,Sandy,71.44448575976128,6.722309686200706,Wheat,79.01803701573505
201.86466280986608,Loamy,90.89149884076726,7.020454675153056,Wheat,70.26573127179584
467.0492168243732,Loamy,139.22736432279947,6.585730920613298,Soybean,102.21314468776782
553.5668857267619,Sandy,88.68165382348933,6.349809129740114,Soybean,93.46971941849353
721.6841067112274,Peaty,88.6704741599633,6.597101431078123,Cotton,102.4607642794774
422.2594672589529,Silt,99.50803671232634,6.081911059256352,Maize,91.46435029361085
378.72595956602186,Loamy,87.83125026363801,6.310076535544045,Wheat,78.52171846440127
424.7364434623195,Peaty,97.97826292845419,6.588785654320018,Soybean,84.30439210159537
637.3103176553111,Sandy,116.22607667444039,6.582159165950506,Wheat,102.57945757256279
549.3126664489527,Peaty,126.54253164289942,6.446790559998505,Soybean,98.7609350209646
420.5359694349442,Clay,130.09639599217073,5.805907644912897,Rice,99.18663373323443
576.9901149670034,Loamy,161.70556662193061,6.818204773210357,Wheat,106.4484623922598
514.5616324022061,Sandy,117.08078338517313,6.917114203299775,Rice,93.94191387919476
645.2967485799334,Silt,167.03436704047928,7.321845247626119,Wheat,108.25440473301764
394.69203591839715,Sandy,,6.720887998294366,Maize,76.4577726349775
450.8506780103348,Silt,162.73854707273756,6.5007309170957415,Cotton,106.82123107137082
441.1837770301764,Sandy,88.5887183734123,5.993485245194925,Rice,80.25859721942516
280.47275778018223,Peaty,91.53943207710894,7.246008934680527,Soybean,81.7118060020092
544.4180415596865,Peaty,96.4038235773138,6.623916488437012,Maize,94.4864669071849
539.1582908269834,Peaty,93.44137866523808,6.596686586912728,Wheat,89.33995249171979
500.76701849636913,Clay,,6.372971900910574,Rice,98.73492356439974
464.8119299937279,Silt,82.59915992534683,6.341015216782569,Wheat,86.52213778948038
287.6943886924379,Peaty,,6.844133367025424,Wheat,89.29573406621331
436.90320158519614,Clay,83.41494896136462,5.989279688670704,Wheat,87.57985700665358
448.59282252098456,Silt,119.66831194758674,7.31271592957939,Cotton,91.06117608850106
379.6584096167572,Sandy,145.83170858571293,7.203763228769186,Cotton,87.27159261392664
475.80714325009865,Clay,89.28692890576781,6.322969226566455,Soybean,85.05504407425957
560.6076285221808,Loamy,,6.068067717063479,Rice,100.27878609024326
782.9278851815795,Clay,116.77477866709555,5.492397005822293,Maize,109.87194349358504
526.1866719247759,Clay,167.58660646659249,5.874293063757887,Maize,101.41618790165934
538.6325586084146,Silt,84.8550830546515,6.864955746441437,Maize,87.21316320699316
488.83311263507494,Sandy,123.85214850417351,6.657670929450327,Wheat,102.66548383167394
212.18431770514377,Loamy,51.21966724670341,6.746826782653044,Cotton,66.09752286444402
496.02291868261744,Peaty,85.12424767789561,5.57721018233792,Rice,84.03838693006658
509.034531491154,Peaty,,6.3020921899486675,Wheat,95.46577469185324
869.4863168727929,Clay,141.79479907269342,7.183636403141041,Cotton,115.1344222276752
471.14585528283163,Silt,63.22199905047392,6.451986297340324,Cotton,76.01362824377017
545.2321013500418,Silt,123.58271922223331,5.863852632688007,Rice,104.00198248942566
494.7932345442135,Peaty,98.10329630551124,6.4441988345785495,Rice,90.34611855770929
324.6982943570702,Loamy,,6.114491290817375,Rice,75.3961332435344
671.4234221772531,Sandy,105.44760537846369,6.666839529972698,Wheat,98.48579896575512
612.7899549030161,Loamy,151.27483698934634,6.510272689443857,Soybean,108.99360756315009
618.654792056457,Sandy,66.3873202026515,6.771648332041146,Rice,81.8965916203241
363.59188178078915,Peaty,96.7018685388945,5.891038186617443,Soybean,79.79966133590942
710.4191466404149,Sandy,70.40083046081301,6.275641715667451,Wheat,99.1035173030991
289.7223405811579,Silt,85.94251204269952,7.045217170699555,Soybean,82.27576118355829
588.0285640700405,Clay,142.965104305739,5.822859972782259,Maize,96.65229702035953
828.5683438714968,Clay,91.85426573525852,,Soybean,108.89448151408568
351.41955123039673,Peaty,,6.599648654996032,Rice,91.67497993950373
415.05534055958424,Silt,133.2716214379476,6.643364919541896,Wheat,89.81760542092285
514.9477047631461,Loamy,89.11786259546656,6.255575078628615,Rice,90.73891131809745
,Silt,84.92201618181302,6.360783558680575,Maize,85.05627217242102
267.4004853400801,Clay,73.12003579556495,6.7666127807778205,Rice,81.6677998036822
510.2844462209041,Clay,72.07356417419787,6.924817500879934,Rice,89.12777032163066
340.65444294108426,Silt,110.5962218352353,5.96538916735512,Rice,85.84825354925765
571.0388645952772,Silt,99.40644054355103,6.682159760313975,Cotton,99.35898870209527
362.0863648649295,Clay,81.2918369521238,7.256008000002861,Maize,73.56933868248836
732.490160752631,Loamy,53.53711233630163,6.442053969319434,Rice,96.6561131341493
382.51200614956446,Peaty,103.18536303466635,5.96008042310574,Rice,92.04198117182784
451.69077256914863,Peaty,85.91343462815999,5.936954045586392,Rice,89.59852684097424
622.0275826054504,Silt,94.14106913253718,6.419631279344068,Wheat,92.19622946627574
315.3703525349067,Peaty,109.13985486094245,7.017923652433809,Cotton,74.44208650376345
534.1189901906195,Clay,24.9459141583641,6.47962207507669,Wheat,78.1475336705613
696.0714131423642,Clay,54.00176188872626,6.594615989952964,Cotton,84.2374670755837
258.87751481581586,Silt,168.89329230415566,6.001829158913098,Rice,93.16917317273159
527.6950787798456,Silt,84.80168479901147,6.991558816488274,Maize,93.78203881253656
538.9824191372635,Silt,24.477006928074125,5.927170714417323,Soybean,78.96416914607387
617.2734307665964,Loamy,56.50179461451243,6.247751757864184,Soybean,77.78451936049241
314.4573933682877,Peaty,174.534021059243,6.814957431023147,Rice,100.05714424684882
301.9315080373585,Silt,78.9100761919048,5.480284250840034,Wheat,69.18416232143609
578.2912348425347,Sandy,134.7704573469147,6.586980574842854,Maize,96.06516333366815
544.547700984978,Sandy,103.63353995011616,5.980463216804109,Cotton,94.03151560230319
537.5739275518815,Clay,85.45098887503087,6.508274699454557,Rice,91.46883141137383
551.9672314245464,Peaty,123.26336412289278,6.323972196144032,Maize,95.94322518332856
397.9962917632264,Silt,28.469299739311356,,Maize,67.94931306478598
534.8380545741505,Sandy,56.76602140430192,6.303439405400047,Cotton,80.98288138206073
543.9608709948022,Peaty,85.22946963581317,7.421325686441671,Maize,87.11598821402721
392.84728729604484,Clay,59.712868051911755,6.793476145591687,Wheat,72.15093279907649
779.8661766717134,Loamy,82.57666634488085,,Wheat,95.81268737262481
571.0749381367681,Peaty,125.61139137048484,6.665405462629878,Wheat,102.81364671426363
321.3044754196027,Peaty,103.96410164007943,6.347795126831095,Maize,88.57037791505289
598.4830412950745,Loamy,139.91851106528767,6.621078745370617,Wheat,93.75918931524507
353.7977494659018,Peaty,105.86125853055233,6.143054506283367,Cotton,87.81277593005515
618.0626905613678,Clay,129.77382494483578,,Maize,106.62541045680119
673.7893368511106,Clay,98.07789099614507,6.962699045398362,Soybean,105.77843390181062
376.89765224724346,Loamy,82.29173549920652,6.515890784080796,Maize,84.82567442122509
644.5064193866483,Silt,144.41704166625664,7.364557384034767,Cotton,98.49895309369042
561.9171390404747,Sandy,78.719491361918,6.537139622041424,Soybean,93.80396131593788
623.3090239991735,Silt,,,Maize,93.13819595047198
784.5189473980921,Peaty,123.0669208967342,6.5191502937612125,Wheat,107.02875424966211
463.1917825995694,Sandy,125.2447811341257,6.6969437974052894,Rice,99.13923715500125
386.93957534637656,Loamy,65.03671989339941,,Rice,78.12692906054808
366.5728355561715,Loamy,131.55851217484798,6.547650676936969,Wheat,83.6700892945044
,Sandy,70.6313426167819,6.585265930193999,Rice,84.91022832759973
488.4347435878844,Clay,124.32110966049981,6.165134083755803,Rice,106.94775055183479
551.1727962224966,Sandy,116.05520413147296,6.299465666538456,Wheat,100.98318062250902
541.5036198995028,Peaty,124.55891985339696,6.391622491756914,Wheat,99.98100834968957
624.0774873554036,Clay,63.84989436702917,6.614855508401148,Maize,95.29550287711893
501.95028378168604,Loamy,117.63789228203174,6.484710490248267,Maize,98.73724258264157
718.0301115735975,Sandy,132.56781029224516,7.086516266912853,Wheat,106.73198744961161
460.30147501430656,Silt,105.80187349485222,6.9235591594898205,Cotton,93.5507418502299
908.0253749884429,Silt,,6.401836221987314,Rice,103.15693432146114
593.850102164751,Peaty,127.59242842983971,7.1908919487259695,Maize,99.75395754779022
371.4263665375576,Silt,103.4175888430231,,Rice,84.16754350532464
339.36612529083317,Sandy,49.76667208516912,5.478086852538942,Soybean,69.20658909999301
572.3708622864777,Sandy,73.11431613050019,6.96614504253314,Wheat,83.60382005402428
466.4805822011224,Silt,84.2111640631908,6.15350790133425,Cotton,88.03624065323669
607.1000741138138,Sandy,145.1745486291897,6.90037401066165,Soybean,100.29840332978236
570.9856436860317,Peaty,,7.119118970323216,Soybean,97.76551120356261
489.0756631014691,Clay,139.80905593170027,6.061503702744724,Soybean,93.95371328687663
372.98094228973923,Peaty,,5.57383645049212,Wheat,84.7321242194001
272.77291629712033,Peaty,127.40784375337597,6.917717044107932,Maize,83.97301182894559
433.02275718994684,Sandy,65.77661773942327,,Wheat,77.16379350218915
628.4598191485209,Clay,100.20409295178314,5.665780623048686,Maize,92.42556418794521
532.1140616195306,Sandy,113.54898104948789,7.764782252731411,Soybean,90.0109911106191
313.1391831932018,Loamy,67.7530282807264,6.812209706128276,Soybean,82.75739087951325
525.9771388776772,Sandy,106.29736268925609,6.835050020062576,Cotton,86.70047769968885
557.7976069593255,Sandy,150.59917557413033,7.182908876281024,Maize,104.97272106978615
367.42138456983,Sandy,,6.209588023576749,Soybean,89.63093974389405
523.0587658918292,Clay,127.52635619992361,6.565227056044338,Rice,96.91724726212061
508.7313077669,Sandy,26.427792297032138,5.840339043110118,Cotton,81.75818551407545
328.55445532540654,Clay,146.73906547458773,,Wheat,91.9520669973783
553.6681040522425,Silt,94.41632956743491,6.692830000234619,Cotton,90.06385459877724
584.1176789552352,Loamy,76.93941057789873,5.667357666433774,Rice,81.13348776577907
662.4576864762915,Clay,94.7608644457021,6.181855227160959,Maize,98.63006752125537
658.0703078052354,Silt,55.44933525157307,6.03603302003114,Wheat,86.44981961695217
293.34959480643636,Clay,131.43826185256427,6.571046122810173,Wheat,80.44633684045321
359.3262440127316,Clay,89.93812831678622,6.787350630832674,Maize,76.29911265915227
577.255290081299,Loamy,77.84107563921792,6.871076402188229,Cotton,93.91814695656491
577.0678926368313,Peaty,94.95834802934905,6.999408322389075,Soybean,82.56954808916103
577.2571529459071,Peaty,133.54046963728422,7.186058423286186,Cotton,100.71207323368645
1077.909723598208,Clay,103.94375202343662,6.803622726841703,Rice,122.2289380738349
585.633576603975,Sandy,57.70918691399599,7.4436679494472076,Soybean,85.59095060752911
670.3348460270898,Silt,113.94942489223247,,Cotton,101.53634592733827
643.1002645239804,Sandy,72.13060137032124,6.413339422874726,Maize,94.61420544093849
597.7086876958697,Sandy,35.316969058755504,6.80365368168002,Rice,81.71668556550094
,Clay,144.88021638151534,6.391794412503706,Rice,100.82447142315216
613.8453830739901,Clay,113.71689624483066,7.426282364387525,Rice,101.24965597148173
384.0762178193642,Clay,97.65188008589756,7.065491736567606,Soybean,83.66108758168706
464.47720898899865,Clay,89.63171455909904,6.875139072099757,Wheat,86.17604221277868
427.19546782563447,Peaty,141.91238502199948,6.565709672020676,Soybean,91.77409553832001
,Clay,192.61465450595216,6.296261414292569,Cotton,107.16492120862644
847.1987850010263,Peaty,113.4634155569955,6.85066250228388,Wheat,105.4326106539513
219.91022111123775,Peaty,,5.9364512740765205,Cotton,67.61751055404348
602.939028556177,Clay,95.36603443396072,7.26718176672051,Wheat,97.17716382908759
258.0926193215522,Loamy,112.91718016282148,6.4111816473073135,Soybean,80.27308145749997
429.21022013158495,Silt,29.514150790244035,6.6525533666203645,Rice,70.88277703269873
663.3425895451049,Sandy,110.03497605334353,6.045199461903356,Maize,102.6083504366937
509.6420028643194,Peaty,113.09275388479236,6.861493131559611,Rice,103.0264024195488
338.3382833106041,Silt,139.7902659396166,6.273129193580836,Soybean,84.43455406209615
392.70444361100476,Loamy,136.66369907119162,6.824614395152549,Wheat,100.20894379261628
601.9396623402014,Sandy,103.33516480868609,6.8786967344886945,Rice,100.94641541791918
390.4450052424295,Sandy,,6.1761839432057295,Soybean,99.16044536297423
532.4687884372962,Peaty,,5.938235439543003,Cotton,110.36404470902893
506.83577598557207,Clay,100.8385436573338,7.265949958272272,Maize,93.54283595292272
402.25994785912746,Loamy,112.54561235403247,6.403850482985459,Rice,91.58869429365176
821.5916133987988,Peaty,46.98107940668271,6.612424408022819,Wheat,101.00216523211947
595.0878533477016,Loamy,56.47080212676736,6.742732262323371,Cotton,88.1078906304763
196.22861200135893,Clay,74.85411057971444,5.87314993505089,Soybean,74.10042601580349
527.9681472154141,Clay,86.6914508644884,6.731333068409944,Maize,95.57940961052209
,Peaty,67.11630925785795,,Wheat,72.75756407555825
627.8650002194336,Clay,98.92013764068274,6.178234651147805,Soybean,100.53995645473228
381.1218892350949,Silt,87.58872496976144,5.921732007581135,Soybean,79.77303990104585
482.78953377996515,Sandy,132.12685694018847,6.802942773978635,Rice,99.74108739106285
,Peaty,85.75679063548876,7.06385600409744,Rice,93.75494644317799
629.8632791255183,Loamy,31.398461553535167,6.589295258696401,Wheat,82.76123106137773
319.95553894163356,Silt,103.7725351760626,5.782767329075156,Soybean,87.78374718881518
449.8248146238577,Peaty,99.57405926765982,5.971333591412635,Rice,82.93048240731771
428.7582033258566,Clay,74.13850355786519,6.283938145337973,Maize,73.5735848202068
402.00061511394324,Clay,102.8499965049111,7.282309870580375,Maize,74.09203034544964
764.8181360421645,Clay,67.74206235320995,6.376624668950562,Soybean,103.5181639371826
560.7472566441434,Clay,109.89519860870028,6.2657155386009,Rice,94.97779278761344
310.86740684974325,Loamy,178.98773310789554,5.663257600161943,Wheat,92.81813731245042
637.6792920582164,Silt,45.83183581279701,6.1716576049449445,Wheat,83.83503416957205
818.323429551895,Sandy,84.51273738972519,5.883531823004585,Wheat,95.30450236736282
654.869789082672,Loamy,79.70484635652592,5.9984100845386,Maize,97.43389533591028
272.094505106898,Loamy,87.00220349537369,6.559975340079371,Rice,80.06797441293585
427.3648890700623,Sandy,130.59773738790923,6.299417897194411,Rice,95.29620603186508
690.0366723779935,Sandy,116.28479677957074,7.349747226335673,Maize,101.67441338183671
393.8495801571829,Clay,125.4629950781927,7.039001686353738,Wheat,90.69393001592007
566.5729142219343,Loamy,100.91486514260795,6.195558031094831,Wheat,87.19452767742021
616.1951080144005,Peaty,60.337020401654264,6.041591079129742,Soybean,91.94970661336603
,Sandy,66.5594391622006,7.191320967832096,Cotton,82.15257205531077
491.07119659073,Sandy,122.38779122399777,7.330021244741742,Rice,87.75040000682147
13.809898989639112,Silt,105.12495695239892,5.402875878227234,Rice,67.62136062673706
346.34185379985655,Peaty,137.80622218236516,6.546428811985851,Rice,93.12158200474997
462.114777291026,Peaty,108.7978630974039,6.374060846051637,Cotton,94.73176861789096
312.8325227052726,Sandy,64.50955020003626,6.8245600700299685,Soybean,67.83743976248677
,Clay,84.34294557450535,7.471334062080752,Cotton,104.39969471220246
285.47879330590507,Silt,116.9444244904879,6.257971490336101,Wheat,73.413207982928
433.99332699545243,Peaty,121.30997488715877,5.469650742668043,Wheat,84.58851034166193
519.6110865929137,Sandy,125.65325896464064,,Rice,101.83516725217746
,Peaty,68.54427660384421,7.194982034302101,Maize,89.61181058258008
284.62067732308407,Silt,63.969095017692254,6.348120109240113,Rice,72.04844567360803
674.4745628232439,Silt,94.30592440757738,6.14748125993017,Maize,98.93349750548114
501.53495915293803,Loamy,143.20220549600364,6.281370297311151,Cotton,100.01284014335879
352.7737023428074,Sandy,79.18395037575945,6.925102683565617,Wheat,76.3796526215399
569.3155211394906,Silt,113.64915671802919,6.27276952935751,Maize,101.35289760469605
529.8589543360205,Loamy,,6.664380150171422,Cotton,93.4290503324376
409.9674684261808,Loamy,122.8231824901184,6.51390145786997,Wheat,91.59146587895789
510.4703127485028,Peaty,149.93320761844632,6.462310193788617,Maize,99.78869408867841
442.202960470736,Peaty,146.8571927429832,6.850646163376116,Rice,95.48170832610582
517.0276017876872,Loamy,82.16182498481484,,Rice,89.66350219423676
599.319601178157,Peaty,37.06313676073978,6.28470671990886,Rice,83.80831507463195
737.9025224218028,Silt,,6.898801424999877,Cotton,95.58592397808839
314.3276751759726,Clay,102.27016882141706,6.006537337915674,Rice,89.52974130167121
819.95500619844,Silt,,6.059889904588837,Soybean,102.35681089657447
207.1868300716247,Loamy,159.03696828784405,5.869842854328203,Wheat,80.70141607139173
477.2322357446625,Loamy,100.56340912949348,6.924505456638276,Cotton,88.99216020018038
588.2475809726865,Silt,119.61135640768582,6.447381515959366,Rice,103.59269760561034
542.1487801602549,Peaty,106.51642928942032,5.843192426960467,Wheat,84.1922808527288
406.59507202691094,Peaty,89.60100449527533,6.926904281154535,Maize,81.62340173500873
468.7816624464087,Loamy,42.25564966112,6.222228919212283,Rice,78.80793603011287
426.04985980117505,Sandy,97.64147084375544,6.064160960581558,Wheat,82.79087059317526
411.59528645836826,Peaty,197.6394187946238,6.402160720561524,Soybean,110.24609354984072
627.4403145531537,Silt,62.66624800486498,7.239361804733946,Maize,87.89181566077536
553.5523228947571,Peaty,45.553808668773264,6.302518901751715,Soybean,88.94065912417773
396.06356071090187,Silt,158.0916790770673,6.787669432057792,Wheat,94.92486491122553
,Loamy,122.26248909608005,6.863540010225477,Soybean,110.26223323573832
546.0949281314914,Peaty,105.6225964157031,6.721636649003203,Wheat,90.01720737604091
621.929317825844,Silt,140.88021587101173,7.135535824837131,Wheat,97.24701803548326
594.4443262885418,Loamy,75.0549417113171,6.14644199768386,Soybean,92.70192801899468
375.6507483616891,Sandy,96.80215717256044,5.978332578474832,Wheat,87.35504143229579
415.97284397045456,Silt,128.6546235070247,,Rice,86.97813373693904
612.0940407684893,Sandy,163.31063103461187,6.427765792350104,Wheat,106.92070396602578
591.5555398150198,Sandy,64.94367056030175,6.0264766710797355,Cotton,84.14498473278067
496.8647609053778,Clay,138.42203375681183,6.573770455932665,Wheat,97.87304758192833
517.5991074963173,Peaty,111.45517182522951,6.538494209862447,Cotton,95.02860830804656
,Silt,104.89183202288248,7.009286651593021,Wheat,104.74132610316319
411.2642916746255,Sandy,99.76812333235786,6.64557215411802,Wheat,84.24695451523884
582.0646071755057,Clay,58.4606013791619,6.291924072069276,Soybean,93.6288914898052
469.6711021349159,Loamy,128.89266994639098,6.7054246022163415,Rice,96.65946440484888
467.34781951591697,Silt,76.53192939021015,5.9849029900510295,Rice,90.7307011796191
664.8165277980786,Sandy,67.60927892492958,6.4809296559878415,Maize,94.81064559551265
623.8124523482045,Peaty,126.56376876701015,6.659700616797791,Soybean,111.35430028024052
622.0264454000958,Clay,123.67402075440036,6.5646587990750636,Soybean,95.1277581114374
695.8218210731494,Sandy,102.37000250833188,6.707532547467992,Rice,98.40814022918475
503.15057624491385,Peaty,132.38630862434925,6.177976992143605,Soybean,106.1827869211255
602.2929456942446,Sandy,142.77809744437346,7.076015701404758,Rice,102.12386279913137
,Silt,139.24672233476622,7.411084474697853,Soybean,89.61790462863375
548.6249528732664,Silt,84.1516307979406,5.6986619275707024,Wheat,80.87626551360567
480.4785418448473,Silt,130.42314793839137,5.892201002022876,Rice,102.81179147270363
514.5493947489077,Clay,106.34922932525947,6.521541504012193,Rice,90.62232001631071
589.2735538155371,Silt,151.77723311057125,6.371724509723563,Cotton,106.28999892289723
377.2668975149791,Peaty,96.28814991198482,7.448206202886391,Soybean,79.05183473481127
813.8580913528191,Sandy,89.3058508789501,6.609892161712231,Soybean,110.18719185239199
,Loamy,81.5860936947137,7.196272626862979,Rice,77.47231193172186
317.87170808184015,Peaty,105.67863682706667,5.4754380567732,Wheat,78.98286594893771
673.7166310250102,Peaty,,6.907084741666176,Wheat,93.59467978158591
618.7494040944404,Silt,114.57886848781813,6.14224159037084,Wheat,108.43415704752584
593.6179725578232,Clay,110.4751762093557,6.134228715190171,Soybean,95.74911582244462
594.251826389642,Sandy,120.13111038039418,6.375820986793938,Cotton,100.16173575395746
498.1629840729628,Clay,93.32374492256805,5.787708180134454,Rice,98.28521088308673
365.4118442771253,Sandy,73.82454053224387,6.721392762660926,Maize,75.99517263547438
511.37068372905895,Sandy,71.20516009259056,6.595357483358398,Cotton,94.66969050287216
398.42574327318323,Clay,129.25153285910406,6.633096124093635,Maize,90.04875724432199
646.2679600126627,Peaty,114.10966931584869,6.943515511066453,Cotton,103.27624522757692
477.94139277467923,Sandy,44.32486687149028,,Wheat,71.11167969675013
376.1754204811233,Clay,132.90260280399824,6.318144475456227,Soybean,84.69983173641327
451.792123752051,Sandy,156.41305439207966,6.7386753198682365,Maize,101.75181221938038
561.9397181413436,Loamy,78.52249447724402,6.646494104167489,Cotton,93.2685312865962
415.44131707940375,Peaty,110.08480138828124,6.68880725316447,Soybean,82.2655611541729
376.66694066503527,Silt,85.79625719102921,6.6962988322329915,Maize,80.47581271574909
536.5530817237868,Sandy,118.849207764135,7.295251672282419,Rice,102.62503208528878
536.7449856663084,Loamy,65.01973332774324,6.2701615657553535,Cotton,88.69259853162389
,Silt,97.85663028703658,5.737132048398159,Rice,84.9788374751944
429.3442541572516,Silt,129.43942383996344,6.1510631156920565,Wheat,87.62278454614328
534.8074906036454,Sandy,137.07135217896518,6.8786334667677025,Rice,112.00269925781069
282.78734877540137,Clay,112.79487456759065,6.511664754323588,Rice,79.40535823165597
288.8804338435167,Sandy,89.82864090370782,6.266200329752502,Cotton,77.9447586496369
392.2333668121346,Loamy,52.22196746969175,5.961751365795179,Wheat,65.04133429505126
467.9829272432229,Silt,77.27350866282154,6.610643060865266,Rice,94.87470601462054
546.6361348397007,Sandy,85.9217978573566,6.822253137636904,Soybean,89.86928256423015
721.3034325424328,Clay,79.06798650095158,6.652936027548014,Maize,99.00495921341907
628.6489434803029,Sandy,101.78658904940846,6.3733348344225265,Rice,115.00090070414751
476.0092205054859,Peaty,89.74336791486144,6.573320642148731,Wheat,83.41516801882096
497.1475688145967,Clay,105.16364117006329,6.570421483278707,Rice,104.28087882864163
349.6205953043287,Loamy,136.0788190314299,6.594848465608831,Maize,89.26889167141731
497.2230296011415,Silt,87.80613336311916,5.90784752449044,Wheat,83.29405348720861
456.7012041619793,Sandy,58.513990682373255,6.598663175307439,Cotton,94.23541875113942
548.4077840507134,Clay,78.94877205625376,6.2797017657669025,Wheat,86.30320055631259
375.9153584671516,Peaty,,7.020309303004879,Cotton,79.82389520669656
577.9019771361758,Clay,120.33831354858019,6.566459320875137,Wheat,99.04005890278071
729.9108369503866,Peaty,112.18255591048703,6.917739610911446,Maize,102.97967084922449
483.6859777314714,Loamy,139.02211917664047,,Maize,100.06974846294658
560.2567583148412,Silt,94.40910790369044,6.367143081194271,Wheat,90.56238593581266
,Loamy,,7.247125623128166,Rice,119.83117179127227
439.81692921712454,Sandy,124.54561408317721,6.718167594207754,Maize,95.5928105006326
533.6138722715625,Clay,24.29537589376368,6.142742733797131,Cotton,71.37865932268744
501.88886011726925,Peaty,154.01975889890699,6.948487219310238,Cotton,101.27869269921295
514.6514147823248,Peaty,76.99040169592834,6.233347633286065,Soybean,82.79924012389704
384.04853242168,Clay,68.97696431629208,,Cotton,78.19500492729883
503.6765261388414,Clay,115.7131332949868,7.418337315429703,Soybean,86.1825628359568
574.6997436868174,Sandy,47.854585829903705,5.784358806180973,Wheat,90.26329099725659
717.6715411692562,Loamy,79.1359230603516,6.412109039116732,Wheat,92.81438379022568
643.890623912781,Peaty,146.71295621872622,6.7041358204510155,Wheat,108.9542650970999
822.9773686267334,Sandy,116.68652736992507,6.882349167332337,Rice,110.95703095927688
384.8978655667926,Loamy,124.36719342817659,5.879383046319564,Rice,85.22318133270882
630.8480955081018,Sandy,80.29268198507579,5.732104865712492,Soybean,91.74971201548024
527.5013008607527,Peaty,53.848900030956905,7.045374675995213,Cotton,83.42143085468149
828.4704399826509,Clay,121.20452287941202,6.139792571598082,Cotton,113.65652209677793
378.75525719672726,Clay,127.90768468725851,6.118858746001343,Wheat,74.50249775459007
374.04172367288356,Loamy,126.5498015824333,7.275124836386083,Maize,80.96219374985498
410.0911031833967,Silt,106.27207690353596,6.534851157365911,Rice,96.3724883481569
181.41564135352897,Loamy,,6.5381191138407875,Rice,68.45974222459613
,Silt,173.13308764179192,6.410100277424234,Wheat,101.2486765044244
386.1301007669453,Sandy,114.39362328952527,5.888008966628415,Rice,82.83515105325047
522.5590679714311,Sandy,94.78340075232497,,Wheat,92.05339668634278
551.2633963665739,Peaty,94.91652287549897,6.704725260962812,Soybean,97.1791960685923
781.425625882383,Silt,104.48792434220661,6.584345662669716,Cotton,110.20668738007373
642.5635757279075,Peaty,132.08824786473943,6.441838480361871,Maize,110.4178048229206
413.46445165063955,Clay,105.68884369916357,6.353840175330856,Cotton,95.89969292351662
365.23779929774634,Silt,125.75539460342492,6.956241694773707,Cotton,82.26138975365889
573.7878757259758,Loamy,104.54193063679622,6.429353468396952,Soybean,92.30118759988599
301.9650189469037,Clay,96.62938325588857,6.467969480733055,Rice,88.75169285370714
774.718814878153,Clay,119.23751179985167,6.764946577441886,Maize,113.90980907585596
676.916018108193,Loamy,118.09858101021389,6.603980465340193,Rice,103.57390001289184
429.62365218429426,Clay,94.91097642714534,7.3211380287702195,Cotton,79.63825742416476
243.0298206363683,Silt,77.52379126857223,5.619316611263348,Wheat,64.99176489219707
703.080856124812,Peaty,110.25186744221304,6.649953719183632,Cotton,95.42917287854533
482.8190232121073,Clay,102.35046006887781,6.1471971097639155,Rice,86.48997281233014
685.6724467960192,Silt,83.35384861687727,6.028956732622535,Cotton,89.36271250113832
260.83585118084494,Sandy,74.7279855238961,6.271467896977827,Wheat,70.37423677968243
410.0937465569341,Silt,112.31427531683369,6.527339704240881,Soybean,91.1850264491788
,Peaty,116.50285171083084,6.549534537961705,Rice,100.25958955845589
507.0470890647113,Silt,89.19903656035417,5.741346892160753,Cotton,83.85608495973176
432.49017927811343,Loamy,82.60188892261223,6.22945808516109,Rice,84.37224159282918
593.4274898521248,Peaty,75.09234432888428,6.64061077573823,Soybean,91.60509695544826
339.85693559261085,Sandy,111.46764817434756,6.061534774608173,Cotton,76.61397750179378
478.643077246806,Loamy,75.8806877907779,5.942608047641742,Cotton,88.11853431912004
518.0443447567849,Silt,167.23403707062192,5.371933846253528,Rice,110.13562027830261
577.1658251088123,Peaty,87.69155692087008,6.16840327581232,Rice,91.61071583023605
606.7422317133335,Sandy,27.243571663821974,5.925185400524593,Wheat,75.91957212431015
331.3036862243197,Loamy,99.09485000112596,6.008033558444971,Soybean,87.14088322789189
269.88287438965665,Sandy,97.80899560543592,6.364089848360173,Wheat,76.76113412742139
691.6515232847763,Silt,133.35155702572567,6.200085561728551,Cotton,109.69454260778485
,Sandy,108.64378710183112,5.916881053070347,Rice,95.84399080656102
387.727019516517,Clay,74.98494449680594,5.4420792173833865,Cotton,83.87527290450534
732.6727963283785,Loamy,91.40824379509671,6.651155652573821,Cotton,103.60990845382663
,Sandy,109.82259314952964,6.8764136069042365,Maize,95.68828921217715
676.894577609574,Silt,35.05857249068768,6.301627510502813,Maize,89.69611362479823
510.12777221151634,Silt,140.15865203171353,6.3671121517728615,Cotton,97.09811109414427
809.112188732298,Sandy,,6.501405257843062,Rice,103.14536814795893
763.3011263664806,Silt,142.51131462842852,7.289391788306126,Cotton,113.566588500279
462.655377728139,Peaty,111.77395423379765,5.716146103087114,Maize,89.20035439577013
,Peaty,118.88782409181923,6.292755137063716,Rice,99.14006759678122
596.8063924377722,Peaty,134.48270308003816,5.63901351793364,Cotton,108.79744995068836
705.2947336298523,Clay,117.19396158077495,6.681159229367779,Soybean,109.68809218729422
355.2614809129843,Sandy,120.18658648952353,6.428020803105994,Soybean,88.62862697830899
602.9077189997658,Clay,95.06750678615856,6.601496056468039,Cotton,94.28390211588
658.7636730274381,Silt,111.16506044416286,6.576561281295538,Rice,105.78176862137721
236.18907703653286,Clay,82.37506555084771,6.995354126851758,Cotton,75.39529682352455
322.51122310013375,Silt,89.69766701236098,6.769066482284233,Cotton,69.55475846770749
194.1151733359849,Silt,158.94085143906725,6.915253978830044,Maize,96.97940760789125
459.58897483331634,Loamy,75.75419244848734,5.967232655051528,Soybean,78.51702896078633
607.6313383693944,Peaty,104.62951379908843,7.096585432487572,Maize,95.31501435090576
725.3535578144042,Silt,103.40407110146428,6.1388186302555,Maize,102.3169196761863
511.1142170629663,Loamy,90.67736584657602,6.16756522868801,Cotton,99.01326125934783
744.2923318356937,Peaty,115.43202809711313,6.635421288676497,Maize,106.18329656279136
292.98478126776627,Silt,117.6916627822415,6.650959131524639,Soybean,92.37531243398158
244.4926340967268,Silt,72.22542450557262,5.964071598883761,Maize,73.02371194767524
491.6678451655072,Clay,103.04070134639655,6.413360354113052,Soybean,86.94890998709019
557.6098173408961,Clay,67.5289798368293,7.244117658434738,Maize,85.339235882751
495.09578778588605,Peaty,123.65645854951903,5.765831719232953,Soybean,92.22269608678832
189.8836849940185,Silt,,7.2426096205063635,Maize,68.41970758482371
486.6319940730817,Sandy,102.46989660151262,6.379150774291755,Maize,93.0099467427766
304.32957492427204,Clay,119.77094046617209,5.331122583282424,Rice,83.43679350510942
600.4508823245058,Peaty,91.73469128594797,5.816634133258547,Soybean,94.73476156700032
554.9897369145273,Silt,127.42065877654615,6.018261231132403,Soybean,98.79168865468918
359.0180320508967,Silt,71.54665381731591,6.188035349608629,Soybean,74.4448946289808
422.91996239949594,Sandy,142.35629556683583,6.447643370687331,Wheat,98.1971440482302
341.1179717166573,Peaty,83.47266452335438,5.1482599351192135,Maize,70.86973976483192
490.5981354090242,Silt,49.11462796913237,6.593402196238827,Soybean,65.3874687691672
643.2713480751858,Clay,90.14395274611805,5.972454745837558,Wheat,93.19789642194178
352.1410930496684,Sandy,86.74095408237372,7.195261285800529,Rice,78.70857040378557
575.6069773276766,Peaty,89.9177804154989,6.364911639628013,Soybean,94.99911566960685
420.46135724413386,Sandy,106.94944046451948,6.971423085866364,Soybean,97.05019920547734
381.06907516064837,Clay,132.93527082664818,7.055174489957147,Wheat,98.0033339393166
483.9454460068163,Peaty,94.2488225830859,7.041636621733108,Maize,86.51323909718326
344.7136516370939,Sandy,79.25147290543298,6.2167966285187575,Rice,77.53738444930481
416.9526041979227,Loamy,66.20359563148608,6.210399921139338,Soybean,82.56376535147965
320.31831611167274,Clay,85.95451626072867,6.387513350355842,Maize,77.79325785017681
794.7087699374584,Clay,43.36525482248942,6.818118687689463,Rice,98.7767786346582
505.28953279575927,Clay,78.24600719450916,6.244652365122919,Cotton,83.33263609317012
395.0411738011122,Loamy,,6.4403687632048765,Cotton,95.17168796136687
532.0969866101333,Loamy,75.29922386264731,6.636796908169725,Rice,86.92083880072012
483.15079254637556,Silt,118.86147582400915,6.0475540369760665,Wheat,96.58887205715828
466.8545600700166,Sandy,63.2055373057453,6.015945855835441,Rice,80.61367629006403
592.1250050065138,Silt,153.13287697931662,6.420868059298004,Rice,113.14267862135388
613.6261565070957,Sandy,155.1282019919413,6.487089407475821,Wheat,100.31855884519456
420.4248278584209,Loamy,117.73064669679628,6.716942740000822,Wheat,92.38852631532964
413.627263903298,Loamy,159.73757804930565,6.835943287475778,Maize,93.11724202130614
458.7422454272534,Silt,110.67378924782987,5.950468589714176,Maize,90.63009710437208
154.71182528966227,Peaty,123.05551342448668,6.093957534028218,Wheat,80.43248648626147
272.7213406702172,Silt,137.85801630194604,6.014623856218449,Cotton,84.78087508220842
705.0311401166787,Sandy,105.39155359295347,7.206223700795711,Cotton,94.6529146667164
746.7451570251925,Silt,53.428676152448155,6.439864704898732,Rice,100.20637914192254
462.6445940665433,Clay,123.66890065703193,6.50806464762251,Soybean,90.62077960168827
586.4835444583649,Sandy,85.8442121669961,6.528887182006756,Rice,94.32735575029754
546.6875231815304,Sandy,88.0741053713362,6.14216499314118,Rice,94.48733549652832
961.8321212682856,Peaty,108.93684749436069,7.282134759473015,Soybean,119.77168194545987
667.9362367151865,Loamy,116.98842639152112,6.705513327409364,Wheat,100.89969724601407
480.81236127788503,Sandy,104.50403902018654,6.519795264888974,Cotton,91.95673709271232
356.66893390993613,Loamy,119.07188608471925,5.947371789424717,Rice,92.5722473276785
259.03305196136415,Silt,78.79428597819411,5.919033754171878,Soybean,73.0575380479314
530.5195453800835,Clay,98.7188861583015,6.345546234197116,Maize,95.67513667081454
386.5473882073545,Peaty,125.47256351352613,6.150004103214085,Rice,98.06457035945812
286.6619435603489,Loamy,153.18373529310148,5.966277827226724,Cotton,87.66254762143137
403.014067363621,Sandy,163.79306766919626,6.3145209902142225,Wheat,80.60686868352414
337.76779945784074,Loamy,112.98930048183195,6.391785985862056,Rice,84.85554453064137
753.0712452608847,Sandy,125.20029480236822,6.570892710230135,Rice,118.38256772654373
632.2459635424176,Loamy,159.44737494445573,,Soybean,109.0731505805881
498.80410380250737,Sandy,79.87491889799516,5.996199652669985,Maize,83.70053587843483
721.9916208335039,Silt,118.8909955813775,6.013539557004377,Maize,110.27940290898863
511.60524614714274,Sandy,123.05028848458439,7.106486364613094,Wheat,91.65126360005907
370.80736980076045,Sandy,143.43584308230234,5.874121156819129,Cotton,80.63547686184836
728.4686115904486,Clay,65.88575858391333,6.6815911491456355,Wheat,86.16611624553522
580.8365065526988,Sandy,,6.759773164887198,Rice,94.19976490448038
344.4130768510315,Clay,100.64146633314118,,Rice,86.711303711617
471.4491982874588,Peaty,,7.383914529202589,Maize,95.69253563643592
368.6572619922864,Clay,133.68591861201423,6.75085949651385,Cotton,87.24940592042704
292.5800403553496,Silt,115.52631327436814,7.421451524152325,Soybean,78.57950324186051
638.9266321297462,Clay,95.45760309669149,6.174467999042564,Cotton,91.98767685573831
786.4124960705195,Peaty,112.49384334268423,6.183027295053291,Rice,107.63155905892702
290.2148639271288,Silt,109.03133428823355,6.763768579340008,Soybean,72.53864765103499
584.4453855035856,Loamy,152.35049289963365,6.3692671813403985,Cotton,104.11028044155535
402.40361463172593,Loamy,104.96976830705597,,Cotton,83.64062651191794
426.93119243529554,Clay,88.50749759342308,6.670850191815469,Soybean,84.51215396904364
411.14091136416965,Clay,113.4882709021549,5.9777128900716425,Rice,101.39103051766173
370.4013845480276,Peaty,105.95455958015596,5.631591795727987,Cotton,91.5363630079574
507.27824419172407,Peaty,52.87019932975984,,Soybean,78.98785823987458
375.35748253834436,Sandy,99.53043815133493,6.455438435233384,Rice,78.23147046008815
540.5685238669759,Peaty,96.97785263781984,6.656882961654194,Soybean,92.14358014798403
492.46428358262943,Sandy,83.68384402662052,7.105345286877951,Soybean,87.21580724091892
464.15779297003854,Silt,131.06749862868918,7.039556651996964,Cotton,89.42118574734077
363.8654506937603,Clay,76.42961210164012,6.210549483831784,Rice,77.97706420454635
413.48430041475007,Silt,113.66855858573616,5.853090299097789,Cotton,95.08615307993634
613.3086838738634,Peaty,95.56429000468809,5.882939432495465,Wheat,90.40523150138159
575.1375781436572,Silt,103.23085016940348,6.131599147339311,Wheat,95.87229560623882
353.36671328021737,Silt,112.353588731376,6.316634225980491,Rice,84.5706960509163
514.8998458143839,Silt,60.772768483269964,6.652531069482584,Soybean,83.8521883463363
612.7080685057683,Peaty,105.74982675204349,6.09951620155201,Cotton,95.1012580152846
249.58920783179423,Silt,168.6684246913962,6.640195985556657,Cotton,89.13529920806923
581.5040288569902,Sandy,53.297099623638275,6.681020072929526,Rice,94.606023060538
400.606436158123,Peaty,98.27176108853486,6.571671941297945,Rice,82.38192927095832
585.589800288974,Silt,133.6971797447146,5.935688501493653,Wheat,99.69765259841634
385.51112651862246,Peaty,109.04857743860791,6.7339133626179795,Maize,85.14009672311032
229.26768490032214,Loamy,120.639008563481,7.5406348143833615,Rice,82.46213429597488
255.8686343175256,Sandy,28.73001966722152,6.622948413456452,Maize,63.21681042094653
507.2127419992073,Silt,117.94748123889852,5.023462449674366,Rice,95.90341090570661
538.9583752582223,Loamy,77.14935381299205,7.120439786023452,Soybean,81.5770776041315
364.3525062343387,Loamy,,6.148626111650307,Soybean,91.10778553584392
595.788868816606,Peaty,99.11695807271528,7.632856345247847,Wheat,88.80453985576202
250.771990659656,Loamy,168.349990874849,,Wheat,84.27517643446208
490.08803020290253,Sandy,116.40085971297626,5.657649653007088,Maize,93.97389899728994
318.3475700356315,Sandy,96.62128512211642,5.467651255020623,Rice,79.08564308371973
402.22458382967613,Clay,54.70921722239336,7.269870381337939,Cotton,65.66453109857507
507.1098006974621,Sandy,103.63440705549691,7.052952492958636,Wheat,89.97994939997368
370.93799520740714,Loamy,124.69686635040468,7.613009442883345,Cotton,89.95420439242307
442.3166683655262,Sandy,97.58344324542331,6.505462242786778,Cotton,95.01588955522773
650.9439213821661,Peaty,84.83030920187677,6.47173505831016,Rice,97.48017378803563
413.4662195715277,Clay,82.82240008461045,6.308640603920721,Maize,84.00758429173075
625.3538168097713,Loamy,116.05424306365963,6.170854879370389,Rice,103.085495564037
330.54397180135726,Clay,122.78163817927471,6.303785222771092,Wheat,92.55146549763504
579.4706266872925,Loamy,140.83630345963357,6.608731666162015,Cotton,99.54469078361467
716.235293098685,Peaty,70.15000320368927,6.078049606543949,Rice,95.40871606736914
129.2533249809066,Clay,115.7793267525285,5.6653553265630086,Rice,71.27170668511704
380.46571167942847,Silt,96.34888136746399,6.579938317007088,Rice,80.64761765686436
586.560819077081,Loamy,97.23297386100158,6.066902200653284,Wheat,92.8480826345812
,Silt,112.05477562102006,4.880281137529965,Maize,92.79601207541933
555.6718810056964,Clay,112.2296876087484,6.776283695328505,Rice,97.85569080281668
,Silt,115.8630431737472,5.945970480941486,Wheat,81.46308903137255
512.988468120935,Silt,68.2758642341257,6.830894727345368,Cotton,85.58442112730538
476.64841469118807,Clay,77.50565778500624,6.818924053257991,Soybean,87.68452291913398
675.1673092489712,Peaty,144.57604826553052,6.641795005761416,Wheat,106.18278439956472
538.1631264951819,Silt,93.3828259755748,,Soybean,93.3603535787537
550.6403993112804,Silt,109.18043194053689,6.430974075013811,Rice,94.96116725730283
438.2184550816299,Peaty,131.63998936129556,6.357180216250706,Rice,96.08997352503233
426.859066389126,Silt,113.90329217082457,6.8418362107084585,Wheat,88.89437022429374
435.1162718270569,Silt,116.39567892916118,6.472276318943104,Soybean,93.86114973498974
559.1678213567445,Silt,126.8373303773127,7.0802467686970045,Rice,100.66076376130556
436.85232787696054,Sandy,,5.865597046212239,Cotton,66.57851944774148
543.466228534462,Peaty,85.30149534518395,5.87391277626783,Maize,99.79323139813069
811.3101197968158,Silt,114.05817389498776,6.882904745663109,Maize,107.2827674652923
,Peaty,141.62932921172973,5.917594530330698,Rice,107.49861136266041
451.0964701748238,Loamy,101.9828667896732,6.804549303221357,Soybean,91.51245581643396
680.1820883245917,Loamy,74.65850614731714,6.685001423105183,Rice,94.83327171691946
438.7886940467673,Silt,75.45741851168493,6.152755856986168,Soybean,82.57932979396007
194.28131972332193,Peaty,126.51583610359222,6.683585080116717,Cotton,77.71335661803448
348.7870533623894,Peaty,93.4667925282434,,Soybean,82.12398376667872
219.38121184612166,Peaty,99.7839986262899,6.000050036868149,Rice,77.04599725912696
447.2729773938037,Sandy,,6.381406130793967,Cotton,93.80445332281727
502.76275687843275,Loamy,12.954289519192628,6.53946390953611,Wheat,67.29898946765161
751.4655968412924,Peaty,160.01102534524244,6.348180731506071,Maize,111.67180639861243
549.0391060646244,Peaty,78.06778494846816,6.716557981936555,Rice,85.15701899895807
467.13492067867037,Sandy,107.25809108420715,6.694233207524145,Rice,90.28454781652319
,Sandy,48.85908959511187,7.264683404174072,Rice,74.3013215385375
168.32970364881723,Peaty,87.32376668784887,6.452357326427498,Cotton,71.107524123709
535.3421837162849,Clay,137.3406413909529,7.097281715592064,Wheat,93.57762752622988
615.629779083045,Peaty,42.51498461002364,6.960362756446947,Soybean,84.73722691204759
278.2120631330238,Peaty,133.78600261567422,7.646988641646574,Wheat,80.15589909372461
671.5631064810393,Sandy,91.78911711302847,6.436370990048863,Cotton,104.90323253930734
,Sandy,,6.289820639273506,Rice,112.38236381776734
437.70681291487983,Peaty,119.72573240455331,7.128847111121867,Maize,95.3739466367985
594.9172799159427,Peaty,,,Rice,99.1652736165141
840.6039286706593,Peaty,74.0514804510752,7.140829608391949,Soybean,98.16939073323881
527.2799382587742,Sandy,89.06352560394929,6.8583993989947505,Maize,93.72802025053339
537.2330879450504,Peaty,56.15331468247554,5.446618954300252,Rice,74.40868863238472
431.0958650689634,Peaty,114.75388994764239,6.688160888515592,Maize,88.9887521695813
372.5233445802812,Silt,151.06165462047778,6.655607948975745,Wheat,91.8696937330116
624.5503724816368,Clay,45.266773399706125,6.566553451231981,Cotton,89.86876347195722
371.5874261136699,Loamy,77.15062281585894,6.433878472938309,Rice,86.74821996425074
,Clay,94.54674172351201,5.703928236102836,Soybean,83.74293360239689
428.3513829852325,Silt,105.20024271140662,6.9370884586191615,Wheat,83.20031208992123
571.8469738619588,Loamy,126.3752890430328,6.6868842140467475,Rice,105.1585067056343
550.0493157930423,Peaty,95.43400058927,7.050978348698712,Wheat,84.83977088441874
655.6309916386849,Silt,90.52123820663049,5.730622237862374,Soybean,100.06950058644362
423.49754017178793,Peaty,133.09392118209223,,Rice,99.57170118834587
459.5187597059943,Sandy,,6.382670331226719,Soybean,94.21881078478735
353.1854426326539,Silt,116.16933927103295,6.571894004962765,Maize,89.48837295243007
433.3560109885833,Sandy,103.37547134764343,6.388420182909554,Soybean,86.45054264880163
556.5950739567278,Silt,129.49456632759575,6.771803963740065,Maize,96.23819003371713
613.5482924968028,Silt,80.310718263092,6.41856343950421,Rice,94.20876439428598
361.6752013733562,Sandy,76.21917153441765,5.9740425374721555,Maize,80.19764052421137
630.440888015849,Loamy,122.38302960607973,6.543212709393096,Rice,106.78766167858618
703.3456788207426,Clay,51.248920922592745,6.39291273143225,Rice,92.76805948425338
562.0152354835551,Peaty,,6.458303189435558,Cotton,99.19326349571274
781.5193718837099,Silt,90.50324943212465,4.906094261979929,Rice,98.3373576788293
383.931620134464,Peaty,57.82735808041132,6.841318041784353,Maize,72.58890868593787
313.30179450328745,Sandy,72.06197260851206,6.342668191326609,Cotton,77.56253274999244
233.19196266435821,Peaty,96.73071723113952,5.825923212990867,Cotton,69.57021008628597
724.4066467233774,Sandy,131.0188976949707,6.961281758424071,Rice,101.68158433336416
598.1548484531087,Peaty,80.41126026226567,6.818182863876466,Soybean,91.37355727789992
491.6622993634317,Clay,136.4014419971498,6.336339901862572,Soybean,94.75803390835998
541.9952939479731,Clay,101.8953768266955,5.923915310239991,Cotton,90.32764485058847
331.1766429052435,Clay,139.31154106509914,6.5890153673396865,Rice,89.14239893086132
866.8627969425239,Clay,81.86525173659855,6.561553042293805,Soybean,112.45308568148974
519.3831772962841,Clay,,6.9621671414958906,Rice,90.05800190906184
516.4092191907339,Clay,111.05450810010987,6.278132242569755,Rice,94.76202690155341
608.8649935848039,Sandy,94.61468611775464,7.097461067432498,Cotton,95.2682979035448
572.151384760507,Silt,128.59072441435708,6.2298734983321165,Cotton,93.09201012094393
533.5826036418697,Peaty,33.77308824129202,5.827084107728789,Wheat,67.81641950275231
381.4288316832032,Clay,172.6721661636982,5.93385862226136,Soybean,99.67993210667366
,Sandy,,6.468794230432192,Soybean,98.30189332034105
782.303674471255,Sandy,94.7940451289495,6.467242745470634,Soybean,100.40273094223504
701.8130069232467,Sandy,83.43034979267966,6.663930570375388,Maize,100.97393331755794
738.9779939959096,Silt,74.00738165654337,6.454812984440779,Rice,97.4648326577681
423.31764853532223,Peaty,119.36846422509211,6.988659258032165,Cotton,88.2237174838791
,Silt,129.8494500637706,6.369452950768712,Soybean,85.41446627479577
481.1319619850528,Loamy,95.12421615610302,5.501861867564291,Wheat,84.60793659954382
508.3587368433042,Sandy,133.20971238935508,6.439451655767103,Soybean,105.41751856245561
664.1287277706423,Loamy,,5.49661065611676,Rice,83.44072974188859
246.1303055427771,Clay,67.48567450039492,6.635695490498849,Rice,75.68846116847682
729.432547919092,Clay,154.40023615736646,7.028596499492458,Cotton,115.99163433939736
476.2988152131516,Silt,117.73325840615628,6.00688775685874,Maize,89.78864248965368
,Peaty,141.90544605439982,7.209278343195925,Cotton,87.97787759881527
348.1843437109748,Loamy,74.38180874836922,6.921415622364216,Soybean,79.28331845903853
251.77149922013453,Peaty,72.2942382469381,7.103240077707527,Wheat,74.03948973874222
623.4755875942872,Silt,89.24172041627374,6.594781928217316,Cotton,100.00082471010987
510.99769507826056,Clay,75.27823475382965,6.00361741212409,Maize,86.95316545487354
306.50586503884193,Peaty,121.16095630685354,6.890407713907069,Cotton,85.09501463182066
305.73818419045756,Peaty,77.46621829220663,6.18769954661583,Rice,74.72358782412185
449.63229510648074,Clay,64.8499042579813,6.558942253051677,Soybean,86.48310909338161
750.3532287934089,Loamy,104.26046236765697,6.41432450359819,Soybean,108.99116049795533
461.06129729545927,Clay,61.3004147252436,7.062347928398448,Soybean,73.81111657455313
274.5285570322841,Peaty,46.01608205573832,6.865163502961664,Soybean,69.92622538718601
463.1385403871084,Loamy,103.99771701583833,6.459717100843815,Soybean,94.01917530434109
459.09146453784945,Loamy,47.5233987096937,5.524196403229924,Soybean,78.99080384535837
95.46700355876425,Clay,123.25838188886269,6.182386266735399,Wheat,72.46200979375165
491.85577002232816,Peaty,58.13998821241612,6.852111144742208,Maize,77.17239254915786
465.35982046869833,Silt,32.77978640740757,6.640055130523292,Soybean,73.61309175297974
604.4309547220128,Peaty,91.18610049577617,5.748389032793569,Maize,86.6644637069439
777.3434142418017,Sandy,104.33783509889453,5.596706013765555,Soybean,101.96296447512185
668.9847544321636,Silt,114.74425191045822,6.597754575078728,Cotton,101.67488824546274
459.66669641677544,Loamy,105.1604709704756,5.971471416142112,Soybean,99.097968199488
,Silt,68.22062136646773,6.019601769581212,Rice,82.41657451782774
886.003970487479,Loamy,121.39183542779813,6.836303864391327,Wheat,116.74478662242242
508.88276510217327,Loamy,128.8041551943924,7.101119390207837,Cotton,97.5561347970866
502.0893937869419,Silt,63.82713614633384,6.1246489864818505,Cotton,81.15655361768053
496.3812369334995,Loamy,94.56981584021159,6.477619846193913,Rice,92.2441744515965
529.7127141151783,Loamy,91.76679918672941,6.46287666700782,Soybean,90.7340323790608
478.34593821140857,Sandy,106.61144748364102,6.417897947651742,Wheat,90.77024250906301
413.95069896796457,Peaty,93.85228624677673,6.52029923807815,Cotton,88.31234505848006
417.9711588139412,Peaty,97.96366683781069,6.878249463920078,Wheat,83.60358712706142
495.08700946760024,Sandy,119.25446590725073,6.163037826635202,Cotton,92.4674404012905
418.48628432993524,Silt,66.584407011966,5.737361232741967,Soybean,74.45742363015987
393.07313259842533,Clay,,7.345004966801881,Cotton,79.88962681856054
515.9645341537845,Clay,134.23398194593753,7.044710962245025,Cotton,103.33836411088485
461.7534173868717,Clay,149.02404980466605,5.9481810643753015,Maize,108.16103399348037
725.5989482874032,Sandy,35.69898027587922,6.567816004387977,Soybean,96.07734735224739
,Sandy,,7.005351082293055,Rice,65.19823295324211
663.7260277883693,Loamy,41.04698276939232,6.87452197226302,Rice,93.45817093018628
686.9127788746443,Clay,26.948089306815287,6.731006654964642,Soybean,90.69910503837615
188.99146513877758,Silt,104.32279142822435,6.414886554204128,Rice,77.8713758204976
448.5968608879477,Silt,88.02544621448914,7.363651962530978,Soybean,85.16130867283546
444.2838701006313,Clay,108.9955285531224,6.61042943622973,Rice,91.17963687189429
288.8732457923268,Clay,114.58383070261948,6.242520370339655,Maize,90.71767525590721
383.32749686136873,Clay,137.43687874323763,6.935537864422797,Rice,96.30291588067855
333.4136231801257,Sandy,101.6176127591734,6.5480293209757106,Cotton,79.16827964910716
762.8405665135434,Sandy,187.70066851957264,6.674898863626812,Soybean,125.15670820150433
640.3517589721192,Sandy,109.19229564955639,6.601574600795604,Wheat,103.64207744199047
690.7332642491239,Peaty,155.27437133701636,6.7483877868834545,Wheat,110.34025680112158
608.2508096064853,Silt,30.014865984272554,6.0107718733003965,Soybean,83.3665815023971
330.64223431741567,Silt,140.49218588651874,5.774446806414996,Maize,87.65401577910553
421.32196005803394,Loamy,94.57718530613319,7.2170663616167925,Rice,80.7248009903132
573.4061841841877,Sandy,41.54958221718186,6.624792280894584,Maize,82.5975954560703
316.6808286662082,Peaty,112.6163532768436,6.88542363870429,Wheat,84.04539205997547
606.9497645258582,Peaty,90.91133386047048,5.620120389911187,Soybean,90.49022260802676
463.95119027627976,Silt,117.40159745344427,7.033341554357252,Soybean,95.01499836641453
443.7768788675604,Sandy,130.33229372653236,6.239257177322116,Maize,91.99068076930716
606.6439952305237,Loamy,55.32549649715212,6.096890916595478,Maize,84.74879950667987
566.639496722906,Sandy,130.44756947365474,6.468313416184007,Rice,108.4186558017658
445.85507512713804,Clay,100.1943845266215,6.011009894728738,Cotton,87.99594271934012
673.8994705046372,Sandy,140.58523524079817,6.499134150887197,Cotton,106.74908342204952
337.8405008600154,Clay,93.84555313006395,6.431830826492757,Rice,90.48931668152046
592.3903410416395,Clay,85.88773322405737,7.030197952616941,Cotton,87.7023953440561
588.9651886952576,Loamy,100.81162122066854,7.256672251069735,Wheat,87.19247762846116
453.56803410290144,Silt,103.0558211913956,7.240757896420791,Cotton,72.43853240599987
548.9199533363177,Sandy,80.11645595524794,5.367742510301942,Rice,85.03815866648794
312.33296354220454,Clay,85.11085807134148,,Cotton,83.84448611138173
638.6040528810352,Sandy,63.193733964586315,5.362556618088819,Soybean,75.52026909655092
472.26467953355166,Silt,86.96064730629416,5.903228862782485,Maize,80.26190705070276
421.59154692214406,Silt,120.28930179992737,6.175240894548084,Wheat,90.70898495828395
657.3513838755334,Peaty,95.87937478281569,6.705280807613471,Soybean,86.79270624280882
394.3484464185861,Silt,130.27195888141986,6.2400333827537295,Soybean,88.91848794343309
288.73080554546607,Loamy,94.43711597040779,6.253964964525677,Rice,87.79810437203699
266.5056239714144,Clay,57.05446006830058,6.590882341599881,Maize,81.49689051347639
590.901492701846,Peaty,117.91824662669748,5.645345177396095,Maize,97.30668267574744
307.93559712555754,Loamy,79.79130576899793,6.080703423518068,Wheat,69.62622303646222
763.2191272976547,Sandy,92.99898133709397,6.248221687091314,Rice,100.70121737451669
,Clay,137.1271614245235,6.398799005684328,Wheat,82.02949660085295
754.4684552435058,Silt,65.17388620835459,6.538476995112773,Cotton,98.97063163410785
531.6526200803928,Clay,104.94231362393155,7.250324894866521,Soybean,100.10911305476459
485.49303321944114,Sandy,98.78444949892624,6.954168080540548,Wheat,91.61472542074057
418.26213697865757,Peaty,121.0277714631131,,Soybean,90.61591851976813
559.8704171528107,Peaty,125.65460096446068,,Rice,100.7950821356069
494.35479463627274,Peaty,107.91517012746677,6.335280431453938,Cotton,107.55073446108774
665.4952823024782,Silt,89.188760602588,6.242923741739628,Rice,102.96010894431913
517.1341472993059,Loamy,114.20117512077881,,Cotton,91.67189425668107
522.5452642192816,Loamy,140.06967691433687,5.570110223514546,Cotton,95.36863509344681
445.4581681679216,Clay,99.18130181080898,6.940357194003242,Soybean,82.52010910052616
491.4581564418399,Silt,91.98231656730918,7.346775395357677,Rice,76.7127465295135
546.1702653338089,Peaty,111.64510773003971,6.3650797296640915,Rice,100.52618841705547
243.4747411015062,Peaty,101.16181061108836,6.355317787441086,Wheat,85.594959197285
297.77218668414304,Sandy,59.86871728246603,6.578522123604336,Rice,68.31695616144216
611.4896141034072,Sandy,,7.009692988480105,Wheat,94.73831354454981
525.6298157191912,Peaty,59.59712773708708,6.337853141591379,Maize,80.85565814564589
472.4024995470981,Peaty,111.23441939225336,6.966972583050868,Maize,93.13965856840049
502.76508995980896,Silt,76.08571826780297,6.744247336226621,Maize,85.2725106867951
552.1372558042507,Loamy,101.10624412559038,7.680805722002345,Rice,85.12380973323089
419.03604795359576,Sandy,111.7178171859771,6.335668992418852,Rice,87.56819222722079
383.2542911896531,Loamy,173.61710037830713,5.511999776139583,Wheat,89.79463085592097
529.3767882646522,Silt,122.28249885360773,5.783530439657243,Cotton,101.06458242217641
353.2440833577452,Peaty,140.94396429227004,6.505964118700079,Wheat,97.28747281749163
561.2379133571708,Loamy,,7.013941047010376,Maize,102.16593790940672
244.61245936432394,Peaty,114.67767750998334,6.173745429789638,Wheat,84.6739027864178
654.3733455988465,Peaty,108.57069400801598,6.3845337750623345,Cotton,99.98955575987632
570.8896223619564,Clay,67.99836673521352,6.8424213686657875,Rice,88.79873382956066
538.4044601470813,Loamy,96.50110202798817,6.017383699560771,Wheat,89.09295111351143
647.403647591827,Loamy,78.30736811092413,6.194365300402591,Maize,94.92760889690733
749.8211666693865,Peaty,87.96823449626842,5.916136656194869,Maize,96.38816454937235
652.1555097527196,Silt,156.11990128577403,7.089114046441281,Rice,110.99551422349549
223.86886530025322,Clay,,7.270836405898184,Wheat,76.9636028189543
308.06345498964475,Peaty,73.72301266851674,5.71029250525347,Cotton,73.84693600548317
406.2772133456482,Sandy,141.23600364073914,6.428907250505889,Rice,98.41951215858128
503.91365753162506,Sandy,128.65826428712347,7.2036294875324725,Wheat,94.88008936774756
577.6488530703684,Clay,130.2296047780119,6.699347591811119,Soybean,104.26515595435826
391.13842802698014,Silt,39.81609390692816,6.2553803835004524,Maize,72.98396300717229
528.0150146715617,Peaty,158.46012873164457,5.726918940194551,Cotton,98.85646589548901
386.69256014700164,Loamy,83.24455773718338,7.076472275911432,Cotton,81.04719469260077
408.27232955120775,Clay,123.33864318378266,6.680257607472249,Cotton,83.21023842783919
289.00083547276665,Silt,175.71399371851095,5.763506806129122,Maize,91.85876457046686
361.51501308336435,Loamy,164.65998244571853,7.0949455269374955,Wheat,80.67521996705315
,Sandy,70.67313623581938,5.699798219121065,Rice,66.6170248834642
353.61901205340007,Sandy,56.66447988993181,6.389756922916295,Wheat,64.33170194815428
658.046269491176,Loamy,142.91039796543782,6.367692648313936,Rice,116.05961502148129
357.59016667520854,Clay,,7.309190664423918,Cotton,81.75579896105147
894.8573097256086,Sandy,84.9735567609376,,Wheat,99.7747162426859
573.9976851321334,Peaty,118.63655640817143,6.3676786568496375,Cotton,101.22091903971592
527.725418554231,Loamy,95.11361267621677,5.818460827551153,Soybean,93.94456999754327
371.246332972818,Loamy,121.0397241114623,6.1798011604706975,Cotton,90.71169505402372
605.0464819113487,Sandy,102.00945423456199,6.091352269559679,Cotton,94.66742564781529
413.65432606433393,Clay,121.67163784984501,6.117388816997654,Rice,94.26642105027081
518.3014721968042,Peaty,73.16401932590834,6.5031422624459365,Soybean,92.03964882850586
884.0126807403192,Clay,142.73386039397903,,Cotton,111.31573596289202
485.5910150413025,Silt,120.92870112197315,5.744884877291551,Cotton,91.83904997920664
672.3909989428514,Silt,119.38892108210717,6.444490563196423,Soybean,102.93382175651396
394.5235362311169,Sandy,66.4699021896402,6.560627341551966,Soybean,71.64994127846163
494.75172642545573,Sandy,150.98897249932742,6.383283600678052,Wheat,103.93463972775004
765.6200953453265,Sandy,99.58851701901196,6.4796027551075195,Rice,118.38308127157637
405.9549413318349,Silt,121.84146587289523,6.295441693172374,Soybean,86.2742756008267
771.8672836995393,Clay,90.31526608760174,6.490747698385169,Soybean,108.42355706885465
606.1627903183213,Clay,107.82667194046292,6.7170711101311085,Maize,93.5781494545451
415.6299836158598,Sandy,108.91382056358214,6.71356686434383,Soybean,89.1603680471756
594.8611608583282,Peaty,15.402072039897373,6.155520794270752,Rice,88.64113779119853
645.8831674440095,Clay,117.47344373964494,6.957547369791475,Cotton,97.89891534421155
593.2714943325794,Silt,158.96024385166254,6.57855434725166,Cotton,107.98941967874381
264.4662920164315,Loamy,116.1934077697587,7.116106978169885,Cotton,71.37394628138351
390.92942362626974,Loamy,71.26875253330786,7.216436215633541,Cotton,73.8970188900762
462.8722046672743,Loamy,119.4988469846166,5.778636639313377,Maize,80.90520121685039
488.8349856349931,Peaty,131.78441590520018,,Soybean,97.79695421499291
593.1008146326017,Sandy,115.3739954857116,6.906774019985275,Cotton,101.85415752360392
526.6551501399881,Silt,97.77618680709868,5.667553789935527,Wheat,85.61758938524274
299.69834619348484,Peaty,92.73552322528208,7.210088481346687,Cotton,78.41101438428119
557.0296776508944,Silt,92.6107073389958,6.328058902593669,Soybean,90.88526758705999
591.5878617925734,Silt,120.93330703033638,6.78751651755451,Cotton,103.0311987372956
583.968567189656,Sandy,57.786280148211155,6.4418046685696115,Maize,88.11201740759908
662.1171088331932,Loamy,88.8438051743378,5.803805236108157,Rice,87.46532587805021
625.0883231823356,Sandy,,7.027772301065988,Rice,112.88911768231664
568.8770118842655,Peaty,149.02585799731528,7.875361515268665,Soybean,96.42450064441725
,Peaty,55.65558736595014,6.242495861822154,Rice,77.96545659031894
250.85585997260137,Peaty,66.05759166209174,6.338820724577379,Rice,72.7537450922153
564.4427328698879,Sandy,91.8813826141619,5.17545022836647,Wheat,75.46531606542695
531.1531530744667,Silt,126.77768551343057,7.17575145172806,Soybean,89.28499094157394
540.736825579306,Silt,45.175769378410294,6.955882661421001,Soybean,81.5073298981193
308.48771362695356,Clay,98.35574095247566,5.633308068972543,Rice,81.89563264840837
,Peaty,85.77462530261064,5.467557268976557,Rice,80.41698152361879
657.9729279999356,Silt,139.77894022855702,5.525384358417368,Rice,105.9974055766125
494.06672692150175,Clay,49.69274578092237,6.8225845626864094,Maize,76.56463707146746
602.2251046058936,Silt,,6.872495709807041,Cotton,95.53172467691839
504.2477564195689,Peaty,88.19171687954218,6.0383330278156055,Maize,85.35635910122548
504.46342092436146,Loamy,144.09396778831865,6.749630015691399,Soybean,91.66490653504889
640.7425708963997,Peaty,117.9295793905975,6.579438560495576,Wheat,96.36377666540866
422.5932907673939,Sandy,82.42553022226795,6.316365146572891,Cotton,88.14430247153287
514.4181165411475,Silt,125.60159329987246,6.98509841334265,Wheat,101.35720318059334
430.65870669424356,Silt,88.33513440074279,,Soybean,86.44399843238408
434.8255658851527,Sandy,129.9798913371926,7.073769606796947,Soybean,99.58689733267349
453.6241814797041,Sandy,92.88769027343265,6.135739222992823,Wheat,84.86438629431065
533.3200657450569,Loamy,131.63999736306292,7.390768340983522,Wheat,102.25204147846053
428.1877067504784,Silt,113.0824586538175,5.997346988259267,Wheat,96.78505421122667
688.3634188360281,Silt,197.8147324207427,,Soybean,111.4348397392687
365.8089046670744,Loamy,98.41311983751987,6.529293568771177,Rice,88.93406789266596
471.96925337579614,Clay,111.48586874864345,6.526159273911242,Wheat,91.19699099440001
434.04034125887375,Loamy,85.61725774852206,6.7454142503090475,Cotton,82.47787828318236
717.04668265306,Peaty,100.08056022264336,5.857158790876661,Soybean,102.1138178223219
529.4832164767362,Silt,18.944945975516774,6.481343795876683,Maize,77.37549434153297
654.7766809202952,Sandy,113.96752049623096,6.56906585320136,Maize,98.50976427729395
277.1659440444542,Peaty,140.28622638848236,6.2361308879859365,Cotton,87.46317139466396
540.0575398803888,Silt,111.89890013798063,6.702029308729709,Rice,104.39548337480898
633.4446193435156,Loamy,60.58415626067868,5.82681504325611,Wheat,86.33582792000544
512.3425983913136,Peaty,75.94638541872996,6.336773055474659,Soybean,90.12504602196563
659.8220562598027,Silt,27.094236185311892,6.123407937798167,Wheat,80.1417242376479
422.4067324849442,Clay,129.3677202059627,6.33828453522549,Soybean,95.44562339232529
711.402116027837,Clay,69.80460121871259,7.2235177299606015,Maize,86.86736474291547
844.8347185428876,Sandy,99.13874229363316,7.2332278630787,Wheat,100.90474257337856
445.57421593405115,Silt,,7.13520823029061,Cotton,84.66690116845655
433.1746217898842,Clay,144.631811069748,6.268871359959574,Rice,93.04777050010901
718.0076715676552,Loamy,102.55843953897215,6.9538091384001035,Cotton,96.99194219971533
736.9358218596069,Silt,124.26678760318029,6.556181063462902,Rice,112.98480213917135
421.57099592700973,Loamy,116.39391292442987,6.522794851751504,Wheat,89.8925177039191
436.9719774356214,Loamy,140.78234259884198,6.461319326190416,Wheat,98.8434911457901
,Clay,92.82628916491124,7.379208928689563,Rice,84.0532735321548
298.33242334485846,Silt,156.0884599151355,7.182919302778232,Maize,90.00772776640507
362.20220802737026,Peaty,40.430135308020546,6.872448209223549,Soybean,67.97455936243574
349.3788849871898,Clay,125.72420494003708,6.414849517244686,Cotton,92.71867556913698
384.83036523438074,Clay,74.00141174007604,6.5197803791272815,Cotton,86.89662929422407
494.7972668919828,Silt,85.21751341660142,6.765283302268867,Cotton,89.87357365283911
535.1322098804781,Silt,117.08242800703106,6.239195544072989,Wheat,99.17504519717797
732.5750739221115,Loamy,116.84206149543228,6.9691578579822515,Cotton,104.81387601972008
350.24689388918137,Silt,118.19284041070213,6.039377444278546,Soybean,89.8757691729681
647.6483597714875,Loamy,58.41526167684286,6.695921843998702,Soybean,90.46294981701175
467.90167336617367,Clay,143.4709069383772,5.355142225103685,Rice,91.24033584857372
492.5804435521351,Sandy,72.98058645316972,6.2246907366989355,Wheat,84.0822000952284
601.2229238249905,Peaty,76.98138729324403,7.538838566459722,Soybean,82.28674734864717
331.59169676565523,Clay,,7.0180957471959555,Maize,96.5121312891485
557.3614619276076,Silt,91.39836475716278,7.267734224967262,Wheat,85.63863412909996
524.9678312319584,Peaty,109.24782521687476,6.166346166322809,Wheat,94.6548767138319
573.8676896012223,Sandy,35.30197910101636,6.551886418400218,Soybean,82.43228211063531
543.3752965861727,Sandy,108.52973348557694,7.140996126547153,Maize,86.50166377350874
868.2950209866341,Loamy,106.53495638536646,6.816547467352689,Rice,103.6463898393187
404.3390023623026,Peaty,,6.75428293867916,Soybean,86.63145397350429
420.35045674972736,Loamy,37.77772120705632,7.315290985165031,Maize,79.24331678692778
406.52892103628534,Clay,93.61575215555186,5.979772517193036,Wheat,77.77444053283803
416.6784321259618,Peaty,98.87878420604162,6.407880980277248,Maize,78.8656207510947
404.39193090402233,Clay,88.98313029008514,5.622957218665323,Wheat,77.00519503443664
678.3524796661328,Loamy,44.91476606702507,5.952446974032199,Soybean,82.47722684067898
713.0756371984783,Peaty,147.84202021950748,7.037092696089485,Soybean,106.28514402406753
414.38805593757854,Loamy,80.8341541616688,,Cotton,84.64472896235883
375.1466640343657,Peaty,93.33386011231298,6.867762127062549,Cotton,82.33297935185394
570.7123334579607,Loamy,27.715770363451284,7.329242520984041,Cotton,72.785020346258
417.16654335785427,Sandy,147.84566046094622,6.411030912504031,Soybean,99.92511775390808
594.9397726633267,Loamy,86.00350204797832,6.759931719899907,Rice,98.98239216864143
530.438453127695,Sandy,102.95388451222607,6.87165606477146,Soybean,90.56913180474953
272.6383827504152,Loamy,133.62212334449953,5.889252468466717,Maize,84.99218875334455
,Peaty,79.71087385850122,6.1917738273494765,Soybean,100.60984233380796
769.3816509643283,Peaty,128.89734962159633,5.9981693941640986,Soybean,110.86991509827317
408.0816964273421,Peaty,38.160236321765744,,Wheat,71.89739474534035
441.8447660096024,Silt,116.5295997271394,6.85805534904055,Wheat,95.77081209183173
542.8798086087357,Clay,147.1672649955896,6.202401634528854,Wheat,103.0028556672749
550.1685184980538,Peaty,82.5874945834591,6.482423386534092,Soybean,88.68464669177631
598.7816409009246,Sandy,133.56644860895196,5.978769191534382,Rice,101.822872386014
801.5306808149525,Peaty,155.0176795658135,7.113211082266851,Maize,112.2235827918927
473.4579158758926,Silt,92.35474485837942,6.227445004888332,Maize,90.94167452605123
380.25541331923193,Sandy,89.87415142450418,7.261490275954977,Rice,80.06641177107801
293.10211579782094,Silt,73.05118762503088,6.53046454692468,Rice,76.98852513425979
390.3604940087121,Sandy,84.708095344446,5.7965002110184605,Maize,85.23225676499618
495.03095406893044,Loamy,75.5392032918214,6.414486626727188,Cotton,87.38998130578369
769.1836795276681,Clay,73.02666704718318,5.968611586266918,Wheat,101.40023845276058
422.3583051445743,Clay,135.96505890134068,6.794674688689076,Wheat,95.82785296081317
533.5681927458347,Silt,76.30221924135222,6.369318608836567,Maize,82.40208738439469
497.53656558908716,Clay,107.7556574415887,6.581605127513677,Rice,95.5092688390002
678.2589910172126,Silt,101.14700305648714,6.315323444976719,Cotton,105.16871258688437
879.0398638810433,Silt,144.9428368771337,6.222328848068337,Maize,112.44132448406553
420.3696840619519,Silt,84.90531303834959,6.013188995192187,Wheat,82.66404588852183
426.5840836222667,Clay,111.43444139962966,6.918111468410765,Soybean,88.32935275049172
656.6241315603608,Silt,123.73209106828328,6.413423449100151,Rice,98.37079832656352
602.2837234439467,Clay,144.69248821961745,6.342654553150808,Soybean,105.86425310446953
777.006098860405,Silt,84.467399648642,6.40089305077892,Maize,98.06091004601059
,Peaty,81.46322593802859,6.160569103257113,Wheat,83.13669318325388
446.1061863819411,Silt,68.14656838119842,6.344324286611988,Cotton,82.20194780750984
588.5982246038463,Sandy,167.08898862544723,6.602814907346744,Soybean,99.67936972228303
666.3055370874362,Silt,141.53417314541164,5.982931500471618,Cotton,102.66531752288782
623.0723271796046,Loamy,98.7339581706387,6.055324003460396,Wheat,106.4328992729232
,Silt,157.94317453381169,7.1891420468113365,Soybean,107.1985918730451
660.0012034383731,Sandy,96.94409816903028,6.318621733600222,Cotton,94.07486394288905
675.3943385668509,Sandy,121.73231414300588,6.2242195955379955,Cotton,110.75810743513567
707.323848655629,Clay,100.30515705168162,5.828064197220362,Soybean,94.10732702533393
597.3064831384464,Peaty,111.93416355251414,6.92533881873712,Wheat,92.35698700806219
474.9322879524718,Silt,108.75284327600642,5.9720370932445785,Cotton,84.11311146940135
522.0070529649985,Clay,87.2504387987005,6.492353669519271,Maize,91.79260814891649
680.9763449762535,Peaty,132.7749561425606,5.645907465341705,Soybean,110.17649391451896
,Silt,121.47857253051703,6.909086400182058,Rice,86.12823380998957
555.3009963309352,Loamy,130.83083780504435,7.08842812180929,Rice,90.68686158146375
440.9991781508959,Silt,109.60681556498038,6.742260172739008,Wheat,93.21485452944292
504.31172344022264,Sandy,72.80290354668597,5.732759934297352,Maize,90.7089690582735
691.7677793910948,Sandy,151.2815819967311,6.919381071954615,Cotton,99.77239767705422
528.6648602029856,Loamy,92.12331299297723,6.086325500179823,Rice,95.08980481687607
506.9654822234223,Clay,110.92201085705244,5.914514060639194,Wheat,90.737773346354
296.0215788530121,Peaty,119.06144076466806,6.308269477121173,Maize,80.71733795675132
611.9380349040831,Silt,110.72265148652856,6.2983161633267555,Maize,91.76123452579749
596.8226271711613,Sandy,,6.247475674409856,Wheat,104.02976358522177
824.488208495819,Clay,132.20133766949496,7.136837123952347,Wheat,110.37584499621418
453.8332647570499,Loamy,93.25499490858256,7.505912998221313,Cotton,84.58522951559604
532.8725491495908,Sandy,148.7640202586694,5.815431731325267,Wheat,94.86474340167376
537.4075525566133,Loamy,91.99289337516204,6.155583802837705,Cotton,86.53732929480181
736.6179919645211,Silt,110.10247146642365,6.571374168022478,Cotton,93.21965534502867
,Peaty,88.36965449187305,6.305641754531386,Soybean,86.847283029205
541.8532288655509,Sandy,79.79579432047629,6.699699374639258,Maize,96.24745533144764
591.1844764574809,Sandy,131.32573266372594,6.957992677972897,Maize,96.08313486551148
527.9913684734537,Silt,193.65690692278133,,Maize,102.64546148122017
433.0349578174208,Clay,89.14720335039048,6.804866783924916,Soybean,87.13517747360956
529.1134989347462,Peaty,136.45964724034235,7.329547760459862,Cotton,99.70026558473816
661.0447624789658,Sandy,90.22266061899417,,Cotton,91.19487223705097
346.02270508834096,Peaty,99.68545069431987,7.240054395977308,Wheat,76.79413108989628
519.9454511220314,Sandy,152.72751316695016,6.293504182955128,Soybean,103.82981169036103
394.981877759124,Peaty,67.79394144774082,6.892562610337813,Wheat,75.56732178266867
679.2569943387264,Loamy,59.85522794130632,5.985166885860278,Soybean,95.36037641326888
271.52196428243377,Sandy,97.38404053710552,6.045751804053361,Wheat,87.9678782214307
416.16172290926175,Peaty,119.90968083813023,6.831058645741014,Rice,84.58891130843179
556.5817812596781,Clay,113.90999715042645,5.535634988625077,Maize,98.9380390889845
734.828604385151,Loamy,110.82037527078988,6.9947210391441565,Maize,103.95819858281142
490.1374608390518,Loamy,101.02395944534733,7.129981751170794,Cotton,95.50276086943889
416.72007099602024,Clay,123.59620080951758,6.58889242691448,Rice,98.73255413346052
782.1735604160884,Peaty,12.589826738650833,6.570880517789279,Maize,88.57802307926676
282.7979149375634,Silt,77.47584084736778,6.083181927545774,Cotton,78.35108826628577
170.17910650698772,Clay,97.19162772149656,6.837224701201834,Rice,74.29037850771554
566.0021675079998,Peaty,121.13604397307529,6.673832623203713,Maize,94.78664694347222
424.6918663471083,Clay,,6.039247301988088,Wheat,96.923736245699
346.815077430393,Clay,73.44700875498579,6.304260024955904,Soybean,73.82981350334882
606.253467094903,Sandy,143.71235876609703,6.420332287652098,Rice,111.8686695044329
536.5701070656798,Peaty,86.42314992395912,6.303598901740407,Cotton,90.28486776221534
415.38820538949074,Silt,96.10270651057941,5.818544293325012,Rice,74.93546478260261
307.95434019936584,Sandy,117.4429755639284,6.849510154291948,Cotton,81.26684909897955
630.8685992420217,Clay,,6.378244772049053,Rice,101.38942832162883
597.5301766937991,Clay,133.30352819998953,6.507682387946654,Cotton,101.46879921541213
485.1236204330926,Clay,87.86187564660568,6.210866706301287,Maize,74.64922912367129
776.9955494071498,Peaty,88.31395026158998,6.737635736985995,Wheat,106.92813947687632
339.4872850510771,Peaty,131.55939862627997,,Maize,90.6363787732144
271.17122436128915,Sandy,77.10626835197026,7.106392194565209,Wheat,73.16655037198149
396.2137895178133,Silt,107.4678728594998,6.740299356469492,Maize,84.73638650455194
493.16209754667534,Sandy,50.18551996918528,6.398657799081445,Maize,83.84594630731134
536.5009173984038,Loamy,,6.130141591248719,Rice,115.06769066146444
463.8145913215505,Clay,136.19655808710326,6.932976341958322,Soybean,91.58979455556978
552.8083094771445,Clay,182.50321598742264,6.3587119506067715,Cotton,118.76968195116096
,Clay,140.15091194339158,6.414141216701889,Cotton,92.20716312021946
716.5646906109889,Sandy,66.11049311198555,6.414014196853663,Cotton,91.27324039703056
487.67732324111466,Sandy,120.05949580481776,,Wheat,103.45369923433151
667.5943747382191,Clay,72.45973713334587,6.422730502885066,Cotton,96.44351987745011
,Sandy,147.34112521159298,,Cotton,102.60553957718514
568.5129828730676,Peaty,66.96579136067282,5.976088972936154,Rice,87.85249175683492
585.4650920348306,Peaty,65.52535347280607,6.092747894619195,Maize,83.36043154275113
567.1562840025972,Sandy,51.705656389099396,7.192162209077125,Cotton,83.07720065594307
596.4084139801316,Clay,85.34860536210995,6.312597807752464,Soybean,100.86044942760753
699.3728795198647,Sandy,79.31566525649286,6.2746893579625524,Cotton,95.15692475617614
529.4781754552205,Sandy,62.15052682482204,7.017431928386717,Wheat,81.18309826792117
606.3505636382769,Sandy,159.6942731273057,5.789902191359125,Wheat,110.98753612406854
486.53964585691597,Loamy,115.89642089159935,6.910727214626703,Wheat,88.95099616901096
716.0175823174209,Peaty,112.36703619570135,6.522808214660772,Cotton,107.71162683755307
398.54115469110957,Silt,147.6749325774378,6.7324010654159885,Rice,102.68679145666158
770.1410649366223,Silt,107.68773376128803,6.723015477626063,Soybean,104.9456178665735
493.97630740334847,Loamy,77.53959395484581,6.186008706758681,Cotton,87.18596566092961
285.38373468229275,Sandy,48.99370772447031,7.025591890074953,Rice,74.7454827170398
519.2156622366184,Loamy,75.84827822969788,6.224931144260966,Rice,87.75051851135468
397.84225137876786,Loamy,145.16246801525386,6.704424509499371,Cotton,98.98130944944228
626.0965323483086,Clay,62.3399165294152,7.118862242764568,Cotton,84.94356829219844
402.10640310464134,Peaty,110.5938171399363,7.189450849923235,Rice,85.4013914388007
433.07248501778304,Silt,131.01775429256674,6.366436832029653,Rice,89.55415396544849
216.56889035817036,Sandy,108.56034521329755,6.731567637120506,Rice,78.86536365546021
432.1540521126385,Silt,111.9694998637175,6.320255604898191,Cotton,86.02536709351527
,Silt,119.66811738620278,7.751898113634387,Rice,72.49066817807658
262.4145764771415,Peaty,111.37842615467949,6.890063002936909,Wheat,81.50606219968088
614.0621984216446,Silt,,6.542029217918468,Cotton,98.51903759945407
617.8700237976249,Silt,68.79124815317168,,Wheat,78.99699091393569
563.8186342677448,Loamy,107.21274630516358,6.703552707723034,Maize,91.87032135254837
354.9535785306181,Peaty,45.45278698008557,6.718371770391741,Cotton,75.05252993852261
492.843296578703,Clay,37.78761438440388,,Maize,80.04401689679797
499.45961913641474,Sandy,97.54986907444048,6.302836350382413,Rice,89.67182485906626
326.24529662111865,Silt,116.3013870683427,6.424073319136753,Rice,95.03995000119056
725.5097452650726,Sandy,148.92003331712695,5.930154147476396,Soybean,106.91821498846932
631.6043435863508,Clay,172.59375199031388,6.85913720348723,Rice,116.6155514905798
466.8553739255504,Sandy,139.59582011996443,6.099147478675514,Maize,94.44373847597711
504.0328758491796,Clay,121.81497233194085,5.970024960507642,Rice,92.57088130641709
531.2574211921328,Loamy,104.79894567321446,6.492822766717926,Cotton,91.46144008726547
193.7397697363564,Silt,54.06315810449867,6.434938685155057,Rice,73.84431545756063
462.92339262191047,Clay,95.61890182774604,6.6248172378944945,Soybean,90.45098953288604
397.7023628003302,Sandy,138.71130253774677,6.215897315301795,Rice,101.04737854295756
349.7569985157627,Silt,126.9484556808412,6.303728720884513,Maize,90.70111507906435
457.83495606710676,Loamy,61.40997559951155,6.846059752544245,Maize,72.38759684466532
769.6529790274284,Silt,118.42076941775441,6.815608600247597,Rice,121.16083400522828
596.1264291900515,Clay,,6.794762523088339,Maize,100.37871078555955
414.3231515325805,Loamy,110.49670360344213,,Maize,92.3039370383799
585.8874172034238,Sandy,99.16433333867997,6.5844613116661375,Soybean,93.82074257209369
